type,combination,iteration,totalDependencies,totalNodes,decisionDependencies,accuracy,truePositive,falseNegative,falsePositive,trueNegative,runtime
0,0,0,1,3,1,0.99,142.0,0.0,1.0,56.0,0.18238592147827148
0,0,1,1,3,1,0.99,143.0,0.0,1.0,55.0,0.17422986030578613
0,0,2,1,3,1,0.99,145.0,1.0,0.0,53.0,0.17388916015625
0,0,3,1,3,1,0.99,155.0,0.0,1.0,43.0,0.17077279090881348
0,0,4,1,3,1,0.99,147.0,1.0,0.0,51.0,0.16985559463500977
0,0,5,1,3,1,0.99,156.0,0.0,1.0,42.0,0.18643403053283691
0,0,6,1,3,1,0.99,141.0,0.0,1.0,57.0,0.16298460960388184
0,0,7,1,3,1,0.99,150.0,0.0,1.0,48.0,0.16701650619506836
0,0,8,1,3,1,0.99,153.0,0.0,1.0,45.0,0.1742544174194336
0,0,9,1,3,1,0.99,150.0,0.0,1.0,48.0,0.16200995445251465
0,0,10,1,3,1,0.99,143.0,0.0,1.0,55.0,0.16949009895324707
0,0,11,1,3,1,0.985,136.0,1.0,1.0,61.0,0.18407559394836426
0,0,12,1,3,1,0.985,138.0,2.0,0.0,59.0,0.16849136352539062
0,0,13,1,3,1,0.99,137.0,0.0,1.0,61.0,0.1404414176940918
0,0,14,1,3,1,0.99,160.0,0.0,1.0,38.0,0.14742469787597656
0,0,15,1,3,1,0.99,151.0,1.0,0.0,47.0,0.12787199020385742
0,0,16,1,3,1,0.99,151.0,0.0,1.0,47.0,0.1300954818725586
0,0,17,1,3,1,0.99,159.0,0.0,1.0,39.0,0.12981128692626953
0,0,18,1,3,1,0.99,147.0,1.0,0.0,51.0,0.13791441917419434
0,0,19,1,3,1,0.99,152.0,0.0,1.0,46.0,0.1359713077545166
0,0,20,1,3,1,0.99,154.0,1.0,0.0,44.0,0.1375420093536377
0,0,21,1,3,1,0.99,153.0,0.0,1.0,45.0,0.1363356113433838
0,0,22,1,3,1,0.99,152.0,0.0,1.0,46.0,0.13793468475341797
0,0,23,1,3,1,0.99,141.0,0.0,1.0,57.0,0.138016939163208
0,0,24,1,3,1,0.99,149.0,0.0,1.0,49.0,0.13076114654541016
0,1,0,1,4,1,0.99,47.0,1.0,0.0,151.0,0.1333155632019043
0,1,1,1,4,1,0.99,53.0,0.0,1.0,145.0,0.15917706489562988
0,1,2,1,4,1,0.99,35.0,1.0,0.0,163.0,0.13304948806762695
0,1,3,1,4,1,0.99,46.0,1.0,0.0,152.0,0.13233709335327148
0,1,4,1,4,1,0.99,36.0,1.0,0.0,162.0,0.1419668197631836
0,1,5,1,4,1,0.99,51.0,0.0,1.0,147.0,0.13103294372558594
0,1,6,1,4,1,0.985,41.0,2.0,0.0,156.0,0.13938140869140625
0,1,7,1,4,1,0.99,52.0,1.0,0.0,146.0,0.13701820373535156
0,1,8,1,4,1,0.99,42.0,1.0,0.0,156.0,0.13796401023864746
0,1,9,1,4,1,0.99,38.0,0.0,1.0,160.0,0.1330573558807373
0,1,10,1,4,1,0.99,40.0,1.0,0.0,158.0,0.13394570350646973
0,1,11,1,4,1,0.99,38.0,1.0,0.0,160.0,0.14709234237670898
0,1,12,1,4,1,0.99,48.0,1.0,0.0,150.0,0.12990927696228027
0,1,13,1,4,1,0.99,47.0,1.0,0.0,151.0,0.14994263648986816
0,1,14,1,4,1,0.99,52.0,0.0,1.0,146.0,0.15659666061401367
0,1,15,1,4,1,0.99,48.0,1.0,0.0,150.0,0.13055157661437988
0,1,16,1,4,1,0.99,41.0,1.0,0.0,157.0,0.13496851921081543
0,1,17,1,4,1,0.99,54.0,1.0,0.0,144.0,0.13201451301574707
0,1,18,1,4,1,0.99,49.0,1.0,0.0,149.0,0.1305251121520996
0,1,19,1,4,1,0.99,29.0,1.0,0.0,169.0,0.13567805290222168
0,1,20,1,4,1,0.99,39.0,1.0,0.0,159.0,0.13851499557495117
0,1,21,1,4,1,0.99,44.0,0.0,1.0,154.0,0.14867377281188965
0,1,22,1,4,1,0.99,33.0,0.0,1.0,165.0,0.14133024215698242
0,1,23,1,4,1,0.99,47.0,0.0,1.0,151.0,0.1306910514831543
0,1,24,1,4,1,0.99,35.0,1.0,0.0,163.0,0.1298975944519043
0,2,0,1,5,1,0.99,180.0,0.0,1.0,18.0,0.1379985809326172
0,2,1,1,5,1,0.99,182.0,0.0,1.0,16.0,0.14767074584960938
0,2,2,1,5,1,0.99,181.0,0.0,1.0,17.0,0.12684297561645508
0,2,3,1,5,1,0.99,185.0,0.0,1.0,13.0,0.13323569297790527
0,2,4,1,5,1,0.99,187.0,0.0,1.0,11.0,0.14793062210083008
0,2,5,1,5,1,0.99,178.0,0.0,1.0,20.0,0.13184905052185059
0,2,6,1,5,1,0.99,182.0,0.0,1.0,16.0,0.1481189727783203
0,2,7,1,5,1,0.99,178.0,0.0,1.0,20.0,0.13124966621398926
0,2,8,1,5,1,0.99,181.0,0.0,1.0,17.0,0.13766717910766602
0,2,9,1,5,1,0.99,182.0,0.0,1.0,16.0,0.14035797119140625
0,2,10,1,5,1,0.99,180.0,0.0,1.0,18.0,0.14336299896240234
0,2,11,1,5,1,0.99,185.0,0.0,1.0,13.0,0.1295616626739502
0,2,12,1,5,1,0.99,183.0,0.0,1.0,15.0,0.13903260231018066
0,2,13,1,5,1,0.985,180.0,0.0,2.0,17.0,0.13202333450317383
0,2,14,1,5,1,0.99,187.0,0.0,1.0,11.0,0.15174579620361328
0,2,15,1,5,1,0.99,179.0,0.0,1.0,19.0,0.13764667510986328
0,2,16,1,5,1,0.99,185.0,0.0,1.0,13.0,0.12900018692016602
0,2,17,1,5,1,0.99,177.0,0.0,1.0,21.0,0.14598584175109863
0,2,18,1,5,1,0.99,178.0,0.0,1.0,20.0,0.13888764381408691
0,2,19,1,5,1,0.99,187.0,0.0,1.0,11.0,0.13308167457580566
0,2,20,1,5,1,0.99,187.0,0.0,1.0,11.0,0.13896512985229492
0,2,21,1,5,1,0.99,182.0,0.0,1.0,16.0,0.13649559020996094
0,2,22,1,5,1,0.99,183.0,0.0,1.0,15.0,0.1411731243133545
0,2,23,1,5,1,0.99,185.0,0.0,1.0,13.0,0.14339113235473633
0,2,24,1,5,1,0.99,186.0,0.0,1.0,12.0,0.13817572593688965
0,3,0,1,6,1,0.99,62.0,0.0,1.0,136.0,0.14622282981872559
0,3,1,1,6,1,0.985,60.0,0.0,2.0,137.0,0.1349337100982666
0,3,2,1,6,1,0.99,54.0,1.0,0.0,144.0,0.14343547821044922
0,3,3,1,6,1,0.99,50.0,1.0,0.0,148.0,0.1414954662322998
0,3,4,1,6,1,0.99,51.0,1.0,0.0,147.0,0.14059042930603027
0,3,5,1,6,1,0.99,56.0,1.0,0.0,142.0,0.1453990936279297
0,3,6,1,6,1,0.99,46.0,1.0,0.0,152.0,0.1426088809967041
0,3,7,1,6,1,0.99,59.0,1.0,0.0,139.0,0.1494433879852295
0,3,8,1,6,1,0.99,51.0,1.0,0.0,147.0,0.13853979110717773
0,3,9,1,6,1,0.985,51.0,1.0,1.0,146.0,0.13918209075927734
0,3,10,1,6,1,0.99,55.0,0.0,1.0,143.0,0.13915801048278809
0,3,11,1,6,1,0.99,51.0,1.0,0.0,147.0,0.14357256889343262
0,3,12,1,6,1,0.985,51.0,1.0,1.0,146.0,0.13708734512329102
0,3,13,1,6,1,0.99,65.0,1.0,0.0,133.0,0.14303207397460938
0,3,14,1,6,1,0.985,54.0,2.0,0.0,143.0,0.1413111686706543
0,3,15,1,6,1,0.99,56.0,0.0,1.0,142.0,0.14499711990356445
0,3,16,1,6,1,0.99,51.0,1.0,0.0,147.0,0.14271926879882812
0,3,17,1,6,1,0.99,59.0,1.0,0.0,139.0,0.13989925384521484
0,3,18,1,6,1,0.99,41.0,1.0,0.0,157.0,0.13845586776733398
0,3,19,1,6,1,0.99,54.0,1.0,0.0,144.0,0.14626622200012207
0,3,20,1,6,1,0.99,57.0,1.0,0.0,141.0,0.13300037384033203
0,3,21,1,6,1,0.99,50.0,1.0,0.0,148.0,0.14433789253234863
0,3,22,1,6,1,0.985,50.0,1.0,1.0,147.0,0.142747163772583
0,3,23,1,6,1,0.99,45.0,1.0,0.0,153.0,0.1468665599822998
0,3,24,1,6,1,0.985,49.0,2.0,0.0,148.0,0.1475236415863037
0,4,0,1,7,1,0.985,145.0,0.0,2.0,52.0,0.1405794620513916
0,4,1,1,7,1,0.985,148.0,0.0,2.0,49.0,0.1409904956817627
0,4,2,1,7,1,0.985,147.0,2.0,0.0,50.0,0.13328313827514648
0,4,3,1,7,1,0.99,158.0,0.0,1.0,40.0,0.13887596130371094
0,4,4,1,7,1,0.99,148.0,0.0,1.0,50.0,0.15004920959472656
0,4,5,1,7,1,0.99,151.0,0.0,1.0,47.0,0.14314532279968262
0,4,6,1,7,1,0.99,153.0,0.0,1.0,45.0,0.1405012607574463
0,4,7,1,7,1,0.99,156.0,0.0,1.0,42.0,0.14835572242736816
0,4,8,1,7,1,0.99,146.0,0.0,1.0,52.0,0.16403460502624512
0,4,9,1,7,1,0.99,153.0,0.0,1.0,45.0,0.13700461387634277
0,4,10,1,7,1,0.985,160.0,0.0,2.0,37.0,0.13931965827941895
0,4,11,1,7,1,0.985,141.0,1.0,1.0,56.0,0.15267634391784668
0,4,12,1,7,1,0.99,140.0,0.0,1.0,58.0,0.156358003616333
0,4,13,1,7,1,0.99,155.0,0.0,1.0,43.0,0.1622004508972168
0,4,14,1,7,1,0.99,154.0,0.0,1.0,44.0,0.1381971836090088
0,4,15,1,7,1,0.99,146.0,0.0,1.0,52.0,0.13719940185546875
0,4,16,1,7,1,0.985,154.0,1.0,1.0,43.0,0.13624024391174316
0,4,17,1,7,1,0.985,142.0,1.0,1.0,55.0,0.14114713668823242
0,4,18,1,7,1,0.985,148.0,1.0,1.0,49.0,0.14107966423034668
0,4,19,1,7,1,0.99,151.0,0.0,1.0,47.0,0.16063642501831055
0,4,20,1,7,1,0.985,159.0,1.0,1.0,38.0,0.14056777954101562
0,4,21,1,7,1,0.985,149.0,1.0,1.0,48.0,0.1408519744873047
0,4,22,1,7,1,0.99,151.0,0.0,1.0,47.0,0.13650250434875488
0,4,23,1,7,1,0.99,152.0,0.0,1.0,46.0,0.15266013145446777
0,4,24,1,7,1,0.99,153.0,0.0,1.0,45.0,0.14438199996948242
0,5,0,1,8,1,0.99,60.0,1.0,0.0,138.0,0.14152216911315918
0,5,1,1,8,1,0.985,54.0,0.0,2.0,143.0,0.15187931060791016
0,5,2,1,8,1,0.99,61.0,1.0,0.0,137.0,0.15788555145263672
0,5,3,1,8,1,0.985,58.0,2.0,0.0,139.0,0.14487290382385254
0,5,4,1,8,1,0.99,59.0,1.0,0.0,139.0,0.15227913856506348
0,5,5,1,8,1,0.985,52.0,0.0,2.0,145.0,0.14683890342712402
0,5,6,1,8,1,0.985,64.0,0.0,2.0,133.0,0.14462518692016602
0,5,7,1,8,1,0.99,56.0,0.0,1.0,142.0,0.16309309005737305
0,5,8,1,8,1,0.99,60.0,1.0,0.0,138.0,0.13715624809265137
0,5,9,1,8,1,0.99,67.0,1.0,0.0,131.0,0.1516730785369873
0,5,10,1,8,1,0.99,51.0,0.0,1.0,147.0,0.1488032341003418
0,5,11,1,8,1,0.99,61.0,0.0,1.0,137.0,0.15077710151672363
0,5,12,1,8,1,0.99,58.0,1.0,0.0,140.0,0.15546917915344238
0,5,13,1,8,1,0.985,60.0,1.0,1.0,137.0,0.1414942741394043
0,5,14,1,8,1,0.985,58.0,2.0,0.0,139.0,0.15048527717590332
0,5,15,1,8,1,0.99,61.0,1.0,0.0,137.0,0.1495962142944336
0,5,16,1,8,1,0.99,51.0,1.0,0.0,147.0,0.1525726318359375
0,5,17,1,8,1,0.99,49.0,1.0,0.0,149.0,0.14523816108703613
0,5,18,1,8,1,0.985,61.0,2.0,0.0,136.0,0.14492201805114746
0,5,19,1,8,1,0.985,55.0,2.0,0.0,142.0,0.14915728569030762
0,5,20,1,8,1,0.99,62.0,1.0,0.0,136.0,0.1459519863128662
0,5,21,1,8,1,0.985,40.0,2.0,0.0,157.0,0.15299272537231445
0,5,22,1,8,1,0.99,62.0,0.0,1.0,136.0,0.14237213134765625
0,5,23,1,8,1,0.99,61.0,1.0,0.0,137.0,0.1663978099822998
0,5,24,1,8,1,0.985,49.0,1.0,1.0,148.0,0.149367094039917
0,6,0,1,9,1,0.985,62.0,2.0,0.0,135.0,0.13681316375732422
0,6,1,1,9,1,0.99,56.0,0.0,1.0,142.0,0.15302658081054688
0,6,2,1,9,1,0.985,60.0,2.0,0.0,137.0,0.14146852493286133
0,6,3,1,9,1,0.985,58.0,1.0,1.0,139.0,0.15603899955749512
0,6,4,1,9,1,0.99,51.0,1.0,0.0,147.0,0.14879894256591797
0,6,5,1,9,1,0.99,52.0,1.0,0.0,146.0,0.1484365463256836
0,6,6,1,9,1,0.99,65.0,1.0,0.0,133.0,0.17608284950256348
0,6,7,1,9,1,0.99,59.0,1.0,0.0,139.0,0.14400792121887207
0,6,8,1,9,1,0.99,55.0,1.0,0.0,143.0,0.14179468154907227
0,6,9,1,9,1,0.99,49.0,0.0,1.0,149.0,0.14257454872131348
0,6,10,1,9,1,0.99,55.0,1.0,0.0,143.0,0.15538311004638672
0,6,11,1,9,1,0.99,51.0,0.0,1.0,147.0,0.13420820236206055
0,6,12,1,9,1,0.99,53.0,1.0,0.0,145.0,0.17870473861694336
0,6,13,1,9,1,0.99,57.0,1.0,0.0,141.0,0.14564728736877441
0,6,14,1,9,1,0.98,56.0,1.0,2.0,140.0,0.14462566375732422
0,6,15,1,9,1,0.985,61.0,2.0,0.0,136.0,0.15002822875976562
0,6,16,1,9,1,0.985,56.0,2.0,0.0,141.0,0.18551206588745117
0,6,17,1,9,1,0.985,59.0,2.0,0.0,138.0,0.13821029663085938
0,6,18,1,9,1,0.985,67.0,1.0,1.0,130.0,0.14536094665527344
0,6,19,1,9,1,0.985,66.0,2.0,0.0,131.0,0.14803552627563477
0,6,20,1,9,1,0.99,48.0,1.0,0.0,150.0,0.1520240306854248
0,6,21,1,9,1,0.985,56.0,0.0,2.0,141.0,0.1495366096496582
0,6,22,1,9,1,0.99,52.0,0.0,1.0,146.0,0.15242481231689453
0,6,23,1,9,1,0.99,63.0,0.0,1.0,135.0,0.14300084114074707
0,6,24,1,9,1,0.985,63.0,2.0,0.0,134.0,0.14783024787902832
0,7,0,1,10,1,0.995,0.0,0.0,0.0,199.0,0.15093111991882324
0,7,1,1,10,1,0.995,0.0,0.0,0.0,199.0,0.14533710479736328
0,7,2,1,10,1,0.99,0.0,1.0,0.0,198.0,0.15854835510253906
0,7,3,1,10,1,0.99,1.0,1.0,0.0,197.0,0.14613556861877441
0,7,4,1,10,1,0.995,0.0,0.0,0.0,199.0,0.1456615924835205
0,7,5,1,10,1,0.995,0.0,0.0,0.0,199.0,0.1495809555053711
0,7,6,1,10,1,0.995,0.0,0.0,0.0,199.0,0.14809083938598633
0,7,7,1,10,1,0.995,0.0,0.0,0.0,199.0,0.15695619583129883
0,7,8,1,10,1,0.995,0.0,0.0,0.0,199.0,0.14286494255065918
0,7,9,1,10,1,0.99,0.0,1.0,0.0,198.0,0.15099167823791504
0,7,10,1,10,1,0.99,0.0,1.0,0.0,198.0,0.14943170547485352
0,7,11,1,10,1,0.995,0.0,0.0,0.0,199.0,0.1404094696044922
0,7,12,1,10,1,0.99,0.0,1.0,0.0,198.0,0.15333199501037598
0,7,13,1,10,1,0.99,1.0,1.0,0.0,197.0,0.15531539916992188
0,7,14,1,10,1,0.995,0.0,0.0,0.0,199.0,0.15041685104370117
0,7,15,1,10,1,0.995,0.0,0.0,0.0,199.0,0.14044952392578125
0,7,16,1,10,1,0.995,0.0,0.0,0.0,199.0,0.13783979415893555
0,7,17,1,10,1,0.99,0.0,1.0,0.0,198.0,0.14249324798583984
0,7,18,1,10,1,0.99,0.0,1.0,0.0,198.0,0.14226627349853516
0,7,19,1,10,1,0.99,1.0,1.0,0.0,197.0,0.15201377868652344
0,7,20,1,10,1,0.99,0.0,1.0,0.0,198.0,0.13893723487854004
0,7,21,1,10,1,0.995,0.0,0.0,0.0,199.0,0.16699647903442383
0,7,22,1,10,1,0.99,0.0,1.0,0.0,198.0,0.14381766319274902
0,7,23,1,10,1,0.995,0.0,0.0,0.0,199.0,0.14944005012512207
0,7,24,1,10,1,0.995,0.0,0.0,0.0,199.0,0.14388823509216309
0,8,0,1,11,1,0.99,3.0,1.0,0.0,195.0,0.15775084495544434
0,8,1,1,11,1,0.99,3.0,1.0,0.0,195.0,0.1539781093597412
0,8,2,1,11,1,0.99,5.0,1.0,0.0,193.0,0.2169654369354248
0,8,3,1,11,1,0.99,2.0,1.0,0.0,196.0,0.1560373306274414
0,8,4,1,11,1,0.99,2.0,1.0,0.0,196.0,0.16243839263916016
0,8,5,1,11,1,0.99,3.0,1.0,0.0,195.0,0.14564871788024902
0,8,6,1,11,1,0.99,3.0,1.0,0.0,195.0,0.15003633499145508
0,8,7,1,11,1,0.99,4.0,1.0,0.0,194.0,0.15059518814086914
0,8,8,1,11,1,0.99,5.0,1.0,0.0,193.0,0.16296958923339844
0,8,9,1,11,1,0.99,3.0,1.0,0.0,195.0,0.14696311950683594
0,8,10,1,11,1,0.99,1.0,1.0,0.0,197.0,0.14969658851623535
0,8,11,1,11,1,0.985,1.0,1.0,1.0,196.0,0.15624165534973145
0,8,12,1,11,1,0.99,6.0,1.0,0.0,192.0,0.14914989471435547
0,8,13,1,11,1,0.99,3.0,1.0,0.0,195.0,0.14981842041015625
0,8,14,1,11,1,0.99,8.0,1.0,0.0,190.0,0.16896557807922363
0,8,15,1,11,1,0.99,3.0,1.0,0.0,195.0,0.17138028144836426
0,8,16,1,11,1,0.99,4.0,1.0,0.0,194.0,0.15301084518432617
0,8,17,1,11,1,0.99,6.0,1.0,0.0,192.0,0.15558528900146484
0,8,18,1,11,1,0.99,2.0,1.0,0.0,196.0,0.1458117961883545
0,8,19,1,11,1,0.99,2.0,1.0,0.0,196.0,0.15025711059570312
0,8,20,1,11,1,0.99,5.0,1.0,0.0,193.0,0.14404797554016113
0,8,21,1,11,1,0.99,5.0,1.0,0.0,193.0,0.14414596557617188
0,8,22,1,11,1,0.99,3.0,1.0,0.0,195.0,0.14696288108825684
0,8,23,1,11,1,0.99,3.0,1.0,0.0,195.0,0.1488795280456543
0,8,24,1,11,1,0.99,2.0,1.0,0.0,196.0,0.14746737480163574
0,9,0,1,12,1,0.985,51.0,2.0,0.0,146.0,0.15462541580200195
0,9,1,1,12,1,0.99,53.0,1.0,0.0,145.0,0.1535191535949707
0,9,2,1,12,1,0.99,65.0,1.0,0.0,133.0,0.16446232795715332
0,9,3,1,12,1,0.975,51.0,1.0,3.0,144.0,0.14009404182434082
0,9,4,1,12,1,0.985,52.0,1.0,1.0,145.0,0.1590132713317871
0,9,5,1,12,1,0.985,67.0,2.0,0.0,130.0,0.164689302444458
0,9,6,1,12,1,0.99,73.0,1.0,0.0,125.0,0.14446496963500977
0,9,7,1,12,1,0.99,53.0,1.0,0.0,145.0,0.15313434600830078
0,9,8,1,12,1,0.985,62.0,1.0,1.0,135.0,0.1532130241394043
0,9,9,1,12,1,0.99,57.0,0.0,1.0,141.0,0.15700864791870117
0,9,10,1,12,1,0.985,71.0,1.0,1.0,126.0,0.1551370620727539
0,9,11,1,12,1,0.985,58.0,1.0,1.0,139.0,0.15206527709960938
0,9,12,1,12,1,0.985,54.0,0.0,2.0,143.0,0.15910887718200684
0,9,13,1,12,1,0.99,67.0,1.0,0.0,131.0,0.1388394832611084
0,9,14,1,12,1,0.985,54.0,0.0,2.0,143.0,0.16286492347717285
0,9,15,1,12,1,0.99,55.0,0.0,1.0,143.0,0.15890955924987793
0,9,16,1,12,1,0.985,57.0,0.0,2.0,140.0,0.16126561164855957
0,9,17,1,12,1,0.98,53.0,3.0,0.0,143.0,0.14643025398254395
0,9,18,1,12,1,0.98,67.0,1.0,2.0,129.0,0.15765833854675293
0,9,19,1,12,1,0.99,67.0,0.0,1.0,131.0,0.15433144569396973
0,9,20,1,12,1,0.985,59.0,1.0,1.0,138.0,0.15492939949035645
0,9,21,1,12,1,0.99,54.0,1.0,0.0,144.0,0.14906883239746094
0,9,22,1,12,1,0.99,56.0,1.0,0.0,142.0,0.15161943435668945
0,9,23,1,12,1,0.99,52.0,1.0,0.0,146.0,0.15401601791381836
0,9,24,1,12,1,0.99,62.0,1.0,0.0,136.0,0.15515875816345215
0,10,0,1,13,1,0.99,77.0,1.0,0.0,121.0,0.14699339866638184
0,10,1,1,13,1,0.98,76.0,2.0,1.0,120.0,0.15001296997070312
0,10,2,1,13,1,0.985,84.0,0.0,2.0,113.0,0.15105056762695312
0,10,3,1,13,1,0.985,64.0,2.0,0.0,133.0,0.15222501754760742
0,10,4,1,13,1,0.985,79.0,0.0,2.0,118.0,0.1695718765258789
0,10,5,1,13,1,0.98,83.0,2.0,1.0,113.0,0.15562200546264648
0,10,6,1,13,1,0.985,73.0,2.0,0.0,124.0,0.15912771224975586
0,10,7,1,13,1,0.985,68.0,0.0,2.0,129.0,0.1585242748260498
0,10,8,1,13,1,0.98,83.0,1.0,2.0,113.0,0.14721155166625977
0,10,9,1,13,1,0.99,76.0,1.0,0.0,122.0,0.15646576881408691
0,10,10,1,13,1,0.985,78.0,1.0,1.0,119.0,0.16874074935913086
0,10,11,1,13,1,0.985,73.0,0.0,2.0,124.0,0.15268921852111816
0,10,12,1,13,1,0.985,80.0,0.0,2.0,117.0,0.15658211708068848
0,10,13,1,13,1,0.98,70.0,1.0,2.0,126.0,0.15616536140441895
0,10,14,1,13,1,0.985,70.0,1.0,1.0,127.0,0.1489429473876953
0,10,15,1,13,1,0.99,78.0,0.0,1.0,120.0,0.15903019905090332
0,10,16,1,13,1,0.985,76.0,1.0,1.0,121.0,0.15359759330749512
0,10,17,1,13,1,0.985,88.0,2.0,0.0,109.0,0.15448975563049316
0,10,18,1,13,1,0.99,76.0,1.0,0.0,122.0,0.1678605079650879
0,10,19,1,13,1,0.985,79.0,2.0,0.0,118.0,0.1555318832397461
0,10,20,1,13,1,0.985,83.0,1.0,1.0,114.0,0.1452009677886963
0,10,21,1,13,1,0.985,63.0,2.0,0.0,134.0,0.14812898635864258
0,10,22,1,13,1,0.99,92.0,1.0,0.0,106.0,0.14312458038330078
0,10,23,1,13,1,0.98,80.0,2.0,1.0,116.0,0.15781688690185547
0,10,24,1,13,1,0.99,81.0,1.0,0.0,117.0,0.1642143726348877
0,11,0,1,14,1,0.985,175.0,0.0,2.0,22.0,0.1539907455444336
0,11,1,1,14,1,0.985,175.0,1.0,1.0,22.0,0.15001201629638672
0,11,2,1,14,1,0.985,171.0,1.0,1.0,26.0,0.16992974281311035
0,11,3,1,14,1,0.99,176.0,0.0,1.0,22.0,0.16703200340270996
0,11,4,1,14,1,0.99,167.0,0.0,1.0,31.0,0.15047764778137207
0,11,5,1,14,1,0.985,176.0,1.0,1.0,21.0,0.15898823738098145
0,11,6,1,14,1,0.985,177.0,1.0,1.0,20.0,0.15325927734375
0,11,7,1,14,1,0.985,182.0,2.0,0.0,15.0,0.14966940879821777
0,11,8,1,14,1,0.99,175.0,0.0,1.0,23.0,0.1593332290649414
0,11,9,1,14,1,0.99,171.0,0.0,1.0,27.0,0.17929863929748535
0,11,10,1,14,1,0.985,167.0,2.0,0.0,30.0,0.15510869026184082
0,11,11,1,14,1,0.99,168.0,0.0,1.0,30.0,0.15069150924682617
0,11,12,1,14,1,0.975,172.0,3.0,1.0,23.0,0.1564788818359375
0,11,13,1,14,1,0.99,176.0,0.0,1.0,22.0,0.1664423942565918
0,11,14,1,14,1,0.99,175.0,0.0,1.0,23.0,0.15900015830993652
0,11,15,1,14,1,0.99,166.0,0.0,1.0,32.0,0.16324567794799805
0,11,16,1,14,1,0.985,177.0,2.0,0.0,20.0,0.1606159210205078
0,11,17,1,14,1,0.985,172.0,0.0,2.0,25.0,0.1655750274658203
0,11,18,1,14,1,0.99,172.0,0.0,1.0,26.0,0.1557292938232422
0,11,19,1,14,1,0.99,174.0,0.0,1.0,24.0,0.1574552059173584
0,11,20,1,14,1,0.99,166.0,0.0,1.0,32.0,0.15006208419799805
0,11,21,1,14,1,0.985,170.0,1.0,1.0,27.0,0.162933349609375
0,11,22,1,14,1,0.99,171.0,0.0,1.0,27.0,0.16610932350158691
0,11,23,1,14,1,0.98,173.0,3.0,0.0,23.0,0.15444183349609375
0,11,24,1,14,1,0.98,174.0,2.0,1.0,22.0,0.1579134464263916
0,12,0,1,15,1,0.99,69.0,0.0,1.0,129.0,0.16845154762268066
0,12,1,1,15,1,0.99,55.0,1.0,0.0,143.0,0.1603541374206543
0,12,2,1,15,1,0.985,53.0,1.0,1.0,144.0,0.1578836441040039
0,12,3,1,15,1,0.99,58.0,1.0,0.0,140.0,0.14426159858703613
0,12,4,1,15,1,0.985,61.0,0.0,2.0,136.0,0.14731979370117188
0,12,5,1,15,1,0.99,49.0,1.0,0.0,149.0,0.16134071350097656
0,12,6,1,15,1,0.99,51.0,0.0,1.0,147.0,0.15206670761108398
0,12,7,1,15,1,0.985,47.0,0.0,2.0,150.0,0.16550397872924805
0,12,8,1,15,1,0.98,59.0,1.0,2.0,137.0,0.1583874225616455
0,12,9,1,15,1,0.985,53.0,1.0,1.0,144.0,0.16313743591308594
0,12,10,1,15,1,0.99,62.0,1.0,0.0,136.0,0.15297293663024902
0,12,11,1,15,1,0.99,48.0,0.0,1.0,150.0,0.15644240379333496
0,12,12,1,15,1,0.99,50.0,1.0,0.0,148.0,0.1652820110321045
0,12,13,1,15,1,0.985,60.0,2.0,0.0,137.0,0.20305490493774414
0,12,14,1,15,1,0.985,50.0,0.0,2.0,147.0,0.16625070571899414
0,12,15,1,15,1,0.985,62.0,2.0,0.0,135.0,0.14896368980407715
0,12,16,1,15,1,0.985,47.0,1.0,1.0,150.0,0.15360569953918457
0,12,17,1,15,1,0.99,55.0,1.0,0.0,143.0,0.15171122550964355
0,12,18,1,15,1,0.99,45.0,0.0,1.0,153.0,0.1583390235900879
0,12,19,1,15,1,0.985,49.0,0.0,2.0,148.0,0.16547536849975586
0,12,20,1,15,1,0.985,48.0,0.0,2.0,149.0,0.15676641464233398
0,12,21,1,15,1,0.985,49.0,1.0,1.0,148.0,0.15158534049987793
0,12,22,1,15,1,0.99,44.0,1.0,0.0,154.0,0.16771793365478516
0,12,23,1,15,1,0.98,55.0,1.0,2.0,141.0,0.1503620147705078
0,12,24,1,15,1,0.985,50.0,1.0,1.0,147.0,0.1560349464416504
0,13,0,1,16,1,0.99,134.0,0.0,1.0,64.0,0.16179990768432617
0,13,1,1,16,1,0.99,135.0,0.0,1.0,63.0,0.16143465042114258
0,13,2,1,16,1,0.985,135.0,2.0,0.0,62.0,0.15479326248168945
0,13,3,1,16,1,0.98,138.0,1.0,2.0,58.0,0.15175151824951172
0,13,4,1,16,1,0.985,147.0,0.0,2.0,50.0,0.16849851608276367
0,13,5,1,16,1,0.985,134.0,0.0,2.0,63.0,0.15966272354125977
0,13,6,1,16,1,0.99,129.0,0.0,1.0,69.0,0.15512609481811523
0,13,7,1,16,1,0.99,141.0,0.0,1.0,57.0,0.16386938095092773
0,13,8,1,16,1,0.99,141.0,0.0,1.0,57.0,0.15260601043701172
0,13,9,1,16,1,0.98,135.0,1.0,2.0,61.0,0.15600275993347168
0,13,10,1,16,1,0.99,142.0,0.0,1.0,56.0,0.16083359718322754
0,13,11,1,16,1,0.985,140.0,2.0,0.0,57.0,0.15802931785583496
0,13,12,1,16,1,0.99,146.0,0.0,1.0,52.0,0.15123820304870605
0,13,13,1,16,1,0.98,123.0,0.0,3.0,73.0,0.18084096908569336
0,13,14,1,16,1,0.985,150.0,0.0,2.0,47.0,0.16195249557495117
0,13,15,1,16,1,0.985,150.0,2.0,0.0,47.0,0.16062521934509277
0,13,16,1,16,1,0.985,142.0,1.0,1.0,55.0,0.1596965789794922
0,13,17,1,16,1,0.985,139.0,1.0,1.0,58.0,0.16111969947814941
0,13,18,1,16,1,0.99,135.0,0.0,1.0,63.0,0.16143226623535156
0,13,19,1,16,1,0.99,144.0,0.0,1.0,54.0,0.1644117832183838
0,13,20,1,16,1,0.985,144.0,0.0,2.0,53.0,0.17435026168823242
0,13,21,1,16,1,0.985,139.0,1.0,1.0,58.0,0.1506035327911377
0,13,22,1,16,1,0.98,146.0,1.0,2.0,50.0,0.1612544059753418
0,13,23,1,16,1,0.99,140.0,0.0,1.0,58.0,0.1508638858795166
0,13,24,1,16,1,0.99,146.0,0.0,1.0,52.0,0.14512324333190918
0,14,0,1,17,1,0.99,193.0,0.0,1.0,5.0,0.16930294036865234
0,14,1,1,17,1,0.99,193.0,0.0,1.0,5.0,0.15381717681884766
0,14,2,1,17,1,0.99,195.0,0.0,1.0,3.0,0.16014957427978516
0,14,3,1,17,1,0.98,195.0,3.0,0.0,1.0,0.1603703498840332
0,14,4,1,17,1,0.99,194.0,0.0,1.0,4.0,0.15404415130615234
0,14,5,1,17,1,0.99,194.0,0.0,1.0,4.0,0.16426968574523926
0,14,6,1,17,1,0.99,197.0,0.0,1.0,1.0,0.15879273414611816
0,14,7,1,17,1,0.995,199.0,0.0,0.0,0.0,0.1571979522705078
0,14,8,1,17,1,0.99,196.0,0.0,1.0,2.0,0.16381382942199707
0,14,9,1,17,1,0.985,194.0,1.0,1.0,3.0,0.15763068199157715
0,14,10,1,17,1,0.99,198.0,0.0,1.0,0.0,0.1623680591583252
0,14,11,1,17,1,0.99,197.0,0.0,1.0,1.0,0.1576099395751953
0,14,12,1,17,1,0.99,197.0,0.0,1.0,1.0,0.15272307395935059
0,14,13,1,17,1,0.99,195.0,0.0,1.0,3.0,0.14774870872497559
0,14,14,1,17,1,0.99,198.0,0.0,1.0,0.0,0.15827107429504395
0,14,15,1,17,1,0.99,197.0,0.0,1.0,1.0,0.16134119033813477
0,14,16,1,17,1,0.99,197.0,0.0,1.0,1.0,0.1659715175628662
0,14,17,1,17,1,0.99,196.0,0.0,1.0,2.0,0.15892672538757324
0,14,18,1,17,1,0.99,192.0,0.0,1.0,6.0,0.1730966567993164
0,14,19,1,17,1,0.99,198.0,0.0,1.0,0.0,0.1575777530670166
0,14,20,1,17,1,0.99,195.0,0.0,1.0,3.0,0.16026544570922852
0,14,21,1,17,1,0.99,194.0,0.0,1.0,4.0,0.1677381992340088
0,14,22,1,17,1,0.99,197.0,0.0,1.0,1.0,0.16542267799377441
0,14,23,1,17,1,0.985,194.0,2.0,0.0,3.0,0.15918445587158203
0,14,24,1,17,1,0.99,189.0,0.0,1.0,9.0,0.1737971305847168
0,15,0,1,18,1,0.99,39.0,1.0,0.0,159.0,0.16701912879943848
0,15,1,1,18,1,0.985,25.0,1.0,1.0,172.0,0.15180706977844238
0,15,2,1,18,1,0.99,24.0,1.0,0.0,174.0,0.16904425621032715
0,15,3,1,18,1,0.985,15.0,1.0,1.0,182.0,0.17449641227722168
0,15,4,1,18,1,0.99,38.0,1.0,0.0,160.0,0.17155766487121582
0,15,5,1,18,1,0.985,29.0,1.0,1.0,168.0,0.1606149673461914
0,15,6,1,18,1,0.98,24.0,2.0,1.0,172.0,0.16199851036071777
0,15,7,1,18,1,0.985,30.0,1.0,1.0,167.0,0.15431571006774902
0,15,8,1,18,1,0.985,24.0,2.0,0.0,173.0,0.1730337142944336
0,15,9,1,18,1,0.99,14.0,1.0,0.0,184.0,0.15494513511657715
0,15,10,1,18,1,0.99,27.0,0.0,1.0,171.0,0.16522741317749023
0,15,11,1,18,1,0.99,24.0,1.0,0.0,174.0,0.15958523750305176
0,15,12,1,18,1,0.98,28.0,2.0,1.0,168.0,0.1629185676574707
0,15,13,1,18,1,0.99,26.0,1.0,0.0,172.0,0.1697545051574707
0,15,14,1,18,1,0.985,25.0,0.0,2.0,172.0,0.16542434692382812
0,15,15,1,18,1,0.99,20.0,1.0,0.0,178.0,0.15621733665466309
0,15,16,1,18,1,0.99,30.0,0.0,1.0,168.0,0.1681203842163086
0,15,17,1,18,1,0.99,24.0,1.0,0.0,174.0,0.16962218284606934
0,15,18,1,18,1,0.99,22.0,1.0,0.0,176.0,0.15434718132019043
0,15,19,1,18,1,0.985,42.0,1.0,1.0,155.0,0.16939830780029297
0,15,20,1,18,1,0.99,32.0,1.0,0.0,166.0,0.16360044479370117
0,15,21,1,18,1,0.99,20.0,1.0,0.0,178.0,0.16233038902282715
0,15,22,1,18,1,0.985,19.0,1.0,1.0,178.0,0.16523075103759766
0,15,23,1,18,1,0.99,33.0,0.0,1.0,165.0,0.15873336791992188
0,15,24,1,18,1,0.99,27.0,1.0,0.0,171.0,0.17037081718444824
0,16,0,1,19,1,0.985,116.0,2.0,0.0,81.0,0.16801691055297852
0,16,1,1,19,1,0.985,113.0,2.0,0.0,84.0,0.16109704971313477
0,16,2,1,19,1,0.975,110.0,3.0,1.0,85.0,0.16966509819030762
0,16,3,1,19,1,0.99,121.0,0.0,1.0,77.0,0.16733360290527344
0,16,4,1,19,1,0.99,114.0,1.0,0.0,84.0,0.16410231590270996
0,16,5,1,19,1,0.985,109.0,1.0,1.0,88.0,0.1568739414215088
0,16,6,1,19,1,0.985,110.0,0.0,2.0,87.0,0.183546781539917
0,16,7,1,19,1,0.985,115.0,2.0,0.0,82.0,0.16147446632385254
0,16,8,1,19,1,0.985,126.0,0.0,2.0,71.0,0.15952205657958984
0,16,9,1,19,1,0.985,122.0,1.0,1.0,75.0,0.16854476928710938
0,16,10,1,19,1,0.985,115.0,1.0,1.0,82.0,0.17232012748718262
0,16,11,1,19,1,0.985,122.0,1.0,1.0,75.0,0.1578817367553711
0,16,12,1,19,1,0.99,114.0,0.0,1.0,84.0,0.16695117950439453
0,16,13,1,19,1,0.985,116.0,2.0,0.0,81.0,0.16246366500854492
0,16,14,1,19,1,0.99,114.0,1.0,0.0,84.0,0.16412019729614258
0,16,15,1,19,1,0.99,129.0,1.0,0.0,69.0,0.15917396545410156
0,16,16,1,19,1,0.98,106.0,2.0,1.0,90.0,0.16708588600158691
0,16,17,1,19,1,0.985,116.0,0.0,2.0,81.0,0.1610865592956543
0,16,18,1,19,1,0.985,117.0,1.0,1.0,80.0,0.16211223602294922
0,16,19,1,19,1,0.99,108.0,0.0,1.0,90.0,0.1628425121307373
0,16,20,1,19,1,0.98,125.0,3.0,0.0,71.0,0.15411853790283203
0,16,21,1,19,1,0.99,121.0,1.0,0.0,77.0,0.16782140731811523
0,16,22,1,19,1,0.99,106.0,0.0,1.0,92.0,0.15895867347717285
0,16,23,1,19,1,0.99,121.0,0.0,1.0,77.0,0.16519761085510254
0,16,24,1,19,1,0.985,117.0,2.0,0.0,80.0,0.15979266166687012
0,17,0,1,20,1,0.98,76.0,2.0,1.0,120.0,0.15447497367858887
0,17,1,1,20,1,0.99,84.0,1.0,0.0,114.0,0.17237162590026855
0,17,2,1,20,1,0.98,75.0,2.0,1.0,121.0,0.17400813102722168
0,17,3,1,20,1,0.98,82.0,2.0,1.0,114.0,0.18097257614135742
0,17,4,1,20,1,0.99,100.0,0.0,1.0,98.0,0.1535334587097168
0,17,5,1,20,1,0.99,80.0,1.0,0.0,118.0,0.15916657447814941
0,17,6,1,20,1,0.985,83.0,1.0,1.0,114.0,0.163346529006958
0,17,7,1,20,1,0.98,92.0,2.0,1.0,104.0,0.163909912109375
0,17,8,1,20,1,0.975,97.0,3.0,1.0,98.0,0.16611576080322266
0,17,9,1,20,1,0.99,80.0,1.0,0.0,118.0,0.16872143745422363
0,17,10,1,20,1,0.985,86.0,1.0,1.0,111.0,0.16797280311584473
0,17,11,1,20,1,0.99,70.0,1.0,0.0,128.0,0.17699742317199707
0,17,12,1,20,1,0.99,96.0,0.0,1.0,102.0,0.15777230262756348
0,17,13,1,20,1,0.99,88.0,1.0,0.0,110.0,0.16489148139953613
0,17,14,1,20,1,0.985,92.0,2.0,0.0,105.0,0.15717172622680664
0,17,15,1,20,1,0.985,80.0,1.0,1.0,117.0,0.17118048667907715
0,17,16,1,20,1,0.98,84.0,3.0,0.0,112.0,0.16312265396118164
0,17,17,1,20,1,0.99,83.0,1.0,0.0,115.0,0.16916346549987793
0,17,18,1,20,1,0.99,80.0,1.0,0.0,118.0,0.1860051155090332
0,17,19,1,20,1,0.98,84.0,3.0,0.0,112.0,0.18599748611450195
0,17,20,1,20,1,0.985,84.0,1.0,1.0,113.0,0.16640949249267578
0,17,21,1,20,1,0.985,92.0,1.0,1.0,105.0,0.15674877166748047
0,17,22,1,20,1,0.985,84.0,1.0,1.0,113.0,0.18635106086730957
0,17,23,1,20,1,0.99,80.0,1.0,0.0,118.0,0.1598958969116211
0,17,24,1,20,1,0.985,81.0,1.0,1.0,116.0,0.16211247444152832
0,18,0,1,21,1,0.99,2.0,1.0,0.0,196.0,0.1629486083984375
0,18,1,1,21,1,0.99,5.0,1.0,0.0,193.0,0.15729999542236328
0,18,2,1,21,1,0.99,2.0,1.0,0.0,196.0,0.16183757781982422
0,18,3,1,21,1,0.99,0.0,1.0,0.0,198.0,0.1547248363494873
0,18,4,1,21,1,0.985,3.0,2.0,0.0,194.0,0.1631157398223877
0,18,5,1,21,1,0.99,4.0,1.0,0.0,194.0,0.16939473152160645
0,18,6,1,21,1,0.98,6.0,1.0,2.0,190.0,0.1710221767425537
0,18,7,1,21,1,0.99,5.0,1.0,0.0,193.0,0.1628563404083252
0,18,8,1,21,1,0.99,3.0,1.0,0.0,195.0,0.167402982711792
0,18,9,1,21,1,0.99,1.0,1.0,0.0,197.0,0.15657663345336914
0,18,10,1,21,1,0.99,3.0,1.0,0.0,195.0,0.15661406517028809
0,18,11,1,21,1,0.99,2.0,1.0,0.0,196.0,0.16985678672790527
0,18,12,1,21,1,0.99,1.0,1.0,0.0,197.0,0.16221213340759277
0,18,13,1,21,1,0.99,3.0,1.0,0.0,195.0,0.1590721607208252
0,18,14,1,21,1,0.99,2.0,1.0,0.0,196.0,0.1735372543334961
0,18,15,1,21,1,0.99,4.0,1.0,0.0,194.0,0.16675138473510742
0,18,16,1,21,1,0.99,1.0,1.0,0.0,197.0,0.1656630039215088
0,18,17,1,21,1,0.99,4.0,1.0,0.0,194.0,0.1698298454284668
0,18,18,1,21,1,0.98,3.0,1.0,2.0,193.0,0.16455864906311035
0,18,19,1,21,1,0.99,1.0,1.0,0.0,197.0,0.16948890686035156
0,18,20,1,21,1,0.99,7.0,1.0,0.0,191.0,0.17061901092529297
0,18,21,1,21,1,0.99,11.0,1.0,0.0,187.0,0.1649928092956543
0,18,22,1,21,1,0.99,3.0,1.0,0.0,195.0,0.16946792602539062
0,18,23,1,21,1,0.99,5.0,1.0,0.0,193.0,0.16335773468017578
0,18,24,1,21,1,0.99,3.0,1.0,0.0,195.0,0.17711615562438965
0,19,0,1,22,1,0.99,24.0,1.0,0.0,174.0,0.16307520866394043
0,19,1,1,22,1,0.975,34.0,1.0,3.0,161.0,0.1634526252746582
0,19,2,1,22,1,0.985,26.0,2.0,0.0,171.0,0.18068313598632812
0,19,3,1,22,1,0.985,26.0,0.0,2.0,171.0,0.18000078201293945
0,19,4,1,22,1,0.985,32.0,0.0,2.0,165.0,0.1523289680480957
0,19,5,1,22,1,0.99,25.0,1.0,0.0,173.0,0.16331863403320312
0,19,6,1,22,1,0.99,29.0,1.0,0.0,169.0,0.16976642608642578
0,19,7,1,22,1,0.99,25.0,1.0,0.0,173.0,0.17151355743408203
0,19,8,1,22,1,0.99,30.0,1.0,0.0,168.0,0.17360663414001465
0,19,9,1,22,1,0.985,26.0,2.0,0.0,171.0,0.19054484367370605
0,19,10,1,22,1,0.99,29.0,1.0,0.0,169.0,0.16417908668518066
0,19,11,1,22,1,0.99,30.0,1.0,0.0,168.0,0.17899847030639648
0,19,12,1,22,1,0.99,28.0,1.0,0.0,170.0,0.17090463638305664
0,19,13,1,22,1,0.99,37.0,1.0,0.0,161.0,0.16646838188171387
0,19,14,1,22,1,0.985,26.0,1.0,1.0,171.0,0.16628766059875488
0,19,15,1,22,1,0.99,35.0,1.0,0.0,163.0,0.16196489334106445
0,19,16,1,22,1,0.99,13.0,1.0,0.0,185.0,0.16955852508544922
0,19,17,1,22,1,0.99,25.0,1.0,0.0,173.0,0.1679854393005371
0,19,18,1,22,1,0.99,25.0,1.0,0.0,173.0,0.1688673496246338
0,19,19,1,22,1,0.99,36.0,1.0,0.0,162.0,0.16424179077148438
0,19,20,1,22,1,0.99,27.0,1.0,0.0,171.0,0.17469406127929688
0,19,21,1,22,1,0.985,32.0,1.0,1.0,165.0,0.16374564170837402
0,19,22,1,22,1,0.985,27.0,1.0,1.0,170.0,0.16440033912658691
0,19,23,1,22,1,0.99,19.0,1.0,0.0,179.0,0.17017555236816406
0,19,24,1,22,1,0.985,30.0,1.0,1.0,167.0,0.17586755752563477
1,20,0,2,3,2,0.98,106.0,2.0,1.0,90.0,0.14550161361694336
1,20,1,2,3,2,0.985,112.0,2.0,0.0,85.0,0.14321494102478027
1,20,2,2,3,2,0.98,89.0,2.0,1.0,107.0,0.15399813652038574
1,20,3,2,3,2,0.98,95.0,1.0,2.0,101.0,0.14671754837036133
1,20,4,2,3,2,0.98,108.0,1.0,2.0,88.0,0.14489221572875977
1,20,5,2,3,2,0.985,100.0,0.0,2.0,97.0,0.14885663986206055
1,20,6,2,3,2,0.98,87.0,2.0,1.0,109.0,0.15956854820251465
1,20,7,2,3,2,0.985,105.0,2.0,0.0,92.0,0.14880871772766113
1,20,8,2,3,2,0.98,107.0,1.0,2.0,89.0,0.14160561561584473
1,20,9,2,3,2,0.98,102.0,2.0,1.0,94.0,0.1549663543701172
1,20,10,2,3,2,0.98,101.0,2.0,1.0,95.0,0.149247407913208
1,20,11,2,3,2,0.985,110.0,0.0,2.0,87.0,0.16503429412841797
1,20,12,2,3,2,0.98,83.0,1.0,2.0,113.0,0.14131450653076172
1,20,13,2,3,2,0.98,81.0,2.0,1.0,115.0,0.1584606170654297
1,20,14,2,3,2,0.98,82.0,2.0,1.0,114.0,0.13899898529052734
1,20,15,2,3,2,0.98,89.0,1.0,2.0,107.0,0.14931225776672363
1,20,16,2,3,2,0.985,107.0,2.0,0.0,90.0,0.1501789093017578
1,20,17,2,3,2,0.985,103.0,2.0,0.0,94.0,0.1659679412841797
1,20,18,2,3,2,0.98,107.0,1.0,2.0,89.0,0.1525592803955078
1,20,19,2,3,2,0.985,104.0,0.0,2.0,93.0,0.15305733680725098
1,20,20,2,3,2,0.98,109.0,2.0,1.0,87.0,0.1500840187072754
1,20,21,2,3,2,0.985,108.0,0.0,2.0,89.0,0.1423032283782959
1,20,22,2,3,2,0.985,91.0,2.0,0.0,106.0,0.14920759201049805
1,20,23,2,3,2,0.985,106.0,2.0,0.0,91.0,0.15034699440002441
1,20,24,2,3,2,0.98,108.0,1.0,2.0,88.0,0.14772415161132812
1,21,0,3,4,3,0.975,82.0,2.0,2.0,113.0,0.15555357933044434
1,21,1,3,4,3,0.975,90.0,1.0,3.0,105.0,0.1380009651184082
1,21,2,3,4,3,0.98,71.0,2.0,1.0,125.0,0.1325373649597168
1,21,3,3,4,3,0.98,78.0,2.0,1.0,118.0,0.1549990177154541
1,21,4,3,4,3,0.98,83.0,2.0,1.0,113.0,0.1399078369140625
1,21,5,3,4,3,0.98,82.0,1.0,2.0,114.0,0.14937400817871094
1,21,6,3,4,3,0.975,88.0,2.0,2.0,107.0,0.13819313049316406
1,21,7,3,4,3,0.975,94.0,1.0,3.0,101.0,0.1478564739227295
1,21,8,3,4,3,0.98,95.0,1.0,2.0,101.0,0.1390533447265625
1,21,9,3,4,3,0.98,84.0,1.0,2.0,112.0,0.14392638206481934
1,21,10,3,4,3,0.98,81.0,3.0,0.0,115.0,0.14000797271728516
1,21,11,3,4,3,0.98,83.0,1.0,2.0,113.0,0.15026354789733887
1,21,12,3,4,3,0.98,90.0,1.0,2.0,106.0,0.15435361862182617
1,21,13,3,4,3,0.97,84.0,1.0,4.0,110.0,0.15098261833190918
1,21,14,3,4,3,0.975,80.0,2.0,2.0,115.0,0.15434503555297852
1,21,15,3,4,3,0.975,86.0,2.0,2.0,109.0,0.15205669403076172
1,21,16,3,4,3,0.975,84.0,2.0,2.0,111.0,0.14953923225402832
1,21,17,3,4,3,0.975,98.0,3.0,1.0,97.0,0.14828205108642578
1,21,18,3,4,3,0.98,81.0,1.0,2.0,115.0,0.1470017433166504
1,21,19,3,4,3,0.98,77.0,1.0,2.0,119.0,0.15970396995544434
1,21,20,3,4,3,0.98,67.0,1.0,2.0,129.0,0.144150972366333
1,21,21,3,4,3,0.975,87.0,2.0,2.0,108.0,0.14305782318115234
1,21,22,3,4,3,0.98,81.0,1.0,2.0,115.0,0.14496684074401855
1,21,23,3,4,3,0.975,75.0,1.0,3.0,120.0,0.1425614356994629
1,21,24,3,4,3,0.98,77.0,2.0,1.0,119.0,0.1572275161743164
1,22,0,4,5,4,0.945,106.0,5.0,5.0,83.0,0.1555614471435547
1,22,1,4,5,4,0.955,122.0,3.0,5.0,69.0,0.15534567832946777
1,22,2,4,5,4,0.935,99.0,7.0,5.0,88.0,0.1465926170349121
1,22,3,4,5,4,0.945,115.0,5.0,5.0,74.0,0.15444350242614746
1,22,4,4,5,4,0.94,102.0,5.0,6.0,86.0,0.15255069732666016
1,22,5,4,5,4,0.955,106.0,4.0,4.0,85.0,0.14403986930847168
1,22,6,4,5,4,0.94,108.0,3.0,8.0,80.0,0.16133356094360352
1,22,7,4,5,4,0.935,108.0,5.0,7.0,79.0,0.15208077430725098
1,22,8,4,5,4,0.945,108.0,5.0,5.0,81.0,0.152695894241333
1,22,9,4,5,4,0.94,95.0,7.0,4.0,93.0,0.15226435661315918
1,22,10,4,5,4,0.935,101.0,7.0,5.0,86.0,0.14255928993225098
1,22,11,4,5,4,0.95,100.0,5.0,4.0,90.0,0.14782094955444336
1,22,12,4,5,4,0.94,101.0,5.0,6.0,87.0,0.13838791847229004
1,22,13,4,5,4,0.945,103.0,6.0,4.0,86.0,0.1488790512084961
1,22,14,4,5,4,0.94,113.0,6.0,5.0,75.0,0.15989398956298828
1,22,15,4,5,4,0.945,95.0,6.0,4.0,94.0,0.15796494483947754
1,22,16,4,5,4,0.94,100.0,7.0,4.0,88.0,0.15618014335632324
1,22,17,4,5,4,0.945,103.0,8.0,2.0,86.0,0.15676665306091309
1,22,18,4,5,4,0.935,91.0,5.0,7.0,96.0,0.14257478713989258
1,22,19,4,5,4,0.945,111.0,5.0,5.0,78.0,0.14960002899169922
1,22,20,4,5,4,0.935,96.0,6.0,6.0,91.0,0.14990019798278809
1,22,21,4,5,4,0.95,88.0,6.0,3.0,102.0,0.16455912590026855
1,22,22,4,5,4,0.94,93.0,7.0,4.0,95.0,0.1456587314605713
1,22,23,4,5,4,0.935,113.0,7.0,5.0,74.0,0.15765118598937988
1,22,24,4,5,4,0.94,101.0,6.0,5.0,87.0,0.1473093032836914
1,23,0,5,6,5,0.915,100.0,9.0,7.0,83.0,0.14542436599731445
1,23,1,5,6,5,0.925,93.0,5.0,9.0,92.0,0.16822171211242676
1,23,2,5,6,5,0.915,87.0,11.0,5.0,96.0,0.15407824516296387
1,23,3,5,6,5,0.915,101.0,7.0,9.0,82.0,0.16029810905456543
1,23,4,5,6,5,0.9,89.0,8.0,11.0,91.0,0.15694499015808105
1,23,5,5,6,5,0.925,87.0,8.0,6.0,98.0,0.15043997764587402
1,23,6,5,6,5,0.91,90.0,7.0,10.0,92.0,0.15179944038391113
1,23,7,5,6,5,0.905,94.0,10.0,8.0,87.0,0.17493414878845215
1,23,8,5,6,5,0.915,93.0,8.0,8.0,90.0,0.15012073516845703
1,23,9,5,6,5,0.91,96.0,8.0,9.0,86.0,0.15016937255859375
1,23,10,5,6,5,0.895,89.0,8.0,12.0,90.0,0.15868401527404785
1,23,11,5,6,5,0.905,102.0,10.0,8.0,79.0,0.15427899360656738
1,23,12,5,6,5,0.91,88.0,9.0,8.0,94.0,0.14856338500976562
1,23,13,5,6,5,0.925,96.0,5.0,9.0,89.0,0.16269373893737793
1,23,14,5,6,5,0.92,84.0,7.0,8.0,100.0,0.15052103996276855
1,23,15,5,6,5,0.915,94.0,9.0,7.0,89.0,0.16575193405151367
1,23,16,5,6,5,0.92,89.0,8.0,7.0,95.0,0.1530008316040039
1,23,17,5,6,5,0.91,101.0,8.0,9.0,81.0,0.1627664566040039
1,23,18,5,6,5,0.91,87.0,8.0,9.0,95.0,0.1556384563446045
1,23,19,5,6,5,0.9,80.0,11.0,8.0,100.0,0.15256571769714355
1,23,20,5,6,5,0.92,94.0,9.0,6.0,90.0,0.15296483039855957
1,23,21,5,6,5,0.92,94.0,8.0,7.0,90.0,0.15600275993347168
1,23,22,5,6,5,0.905,107.0,9.0,9.0,74.0,0.15480279922485352
1,23,23,5,6,5,0.905,82.0,8.0,10.0,99.0,0.16331267356872559
1,23,24,5,6,5,0.935,105.0,4.0,8.0,82.0,0.16102266311645508
1,24,0,6,7,6,0.865,92.0,13.0,13.0,81.0,0.17522525787353516
1,24,1,6,7,6,0.86,87.0,13.0,14.0,85.0,0.15760469436645508
1,24,2,6,7,6,0.87,89.0,10.0,15.0,85.0,0.16030144691467285
1,24,3,6,7,6,0.87,80.0,12.0,13.0,94.0,0.16348576545715332
1,24,4,6,7,6,0.865,92.0,11.0,15.0,81.0,0.1581590175628662
1,24,5,6,7,6,0.86,78.0,11.0,16.0,94.0,0.1593620777130127
1,24,6,6,7,6,0.865,101.0,14.0,12.0,72.0,0.15932273864746094
1,24,7,6,7,6,0.865,85.0,12.0,14.0,88.0,0.15115118026733398
1,24,8,6,7,6,0.87,74.0,11.0,14.0,100.0,0.15349173545837402
1,24,9,6,7,6,0.865,95.0,10.0,16.0,78.0,0.16391301155090332
1,24,10,6,7,6,0.865,85.0,13.0,13.0,88.0,0.15725421905517578
1,24,11,6,7,6,0.88,95.0,12.0,11.0,81.0,0.1539759635925293
1,24,12,6,7,6,0.895,82.0,10.0,10.0,97.0,0.16623139381408691
1,24,13,6,7,6,0.86,82.0,12.0,15.0,90.0,0.1629183292388916
1,24,14,6,7,6,0.885,85.0,7.0,15.0,92.0,0.15387535095214844
1,24,15,6,7,6,0.875,94.0,11.0,13.0,81.0,0.16177797317504883
1,24,16,6,7,6,0.875,82.0,11.0,13.0,93.0,0.1605525016784668
1,24,17,6,7,6,0.88,81.0,15.0,8.0,95.0,0.16306138038635254
1,24,18,6,7,6,0.85,85.0,15.0,14.0,85.0,0.15458154678344727
1,24,19,6,7,6,0.855,95.0,13.0,15.0,76.0,0.16041326522827148
1,24,20,6,7,6,0.855,81.0,14.0,14.0,90.0,0.16136431694030762
1,24,21,6,7,6,0.865,83.0,12.0,14.0,90.0,0.15787649154663086
1,24,22,6,7,6,0.865,89.0,15.0,11.0,84.0,0.17847251892089844
1,24,23,6,7,6,0.875,80.0,14.0,10.0,95.0,0.15962481498718262
1,24,24,6,7,6,0.86,72.0,15.0,12.0,100.0,0.15582942962646484
1,25,0,7,8,7,0.885,87.0,12.0,10.0,90.0,0.16007637977600098
1,25,1,7,8,7,0.84,86.0,15.0,16.0,82.0,0.16721105575561523
1,25,2,7,8,7,0.865,82.0,12.0,14.0,91.0,0.16896390914916992
1,25,3,7,8,7,0.875,82.0,13.0,11.0,93.0,0.16103196144104004
1,25,4,7,8,7,0.865,83.0,9.0,17.0,90.0,0.15682148933410645
1,25,5,7,8,7,0.875,95.0,10.0,14.0,80.0,0.15581297874450684
1,25,6,7,8,7,0.865,80.0,17.0,9.0,93.0,0.1653285026550293
1,25,7,7,8,7,0.87,79.0,12.0,13.0,95.0,0.15696310997009277
1,25,8,7,8,7,0.865,88.0,11.0,15.0,85.0,0.1519474983215332
1,25,9,7,8,7,0.845,83.0,14.0,16.0,86.0,0.16385936737060547
1,25,10,7,8,7,0.875,93.0,12.0,12.0,82.0,0.16184163093566895
1,25,11,7,8,7,0.86,79.0,15.0,12.0,93.0,0.16256499290466309
1,25,12,7,8,7,0.87,87.0,13.0,12.0,87.0,0.16002821922302246
1,25,13,7,8,7,0.85,91.0,12.0,17.0,79.0,0.16443300247192383
1,25,14,7,8,7,0.88,93.0,10.0,13.0,83.0,0.16710829734802246
1,25,15,7,8,7,0.845,92.0,15.0,15.0,77.0,0.16539883613586426
1,25,16,7,8,7,0.88,93.0,12.0,11.0,83.0,0.15442967414855957
1,25,17,7,8,7,0.87,89.0,14.0,11.0,85.0,0.1665949821472168
1,25,18,7,8,7,0.865,79.0,13.0,13.0,94.0,0.16018366813659668
1,25,19,7,8,7,0.87,88.0,12.0,13.0,86.0,0.16859936714172363
1,25,20,7,8,7,0.85,76.0,15.0,14.0,94.0,0.16289567947387695
1,25,21,7,8,7,0.85,101.0,15.0,14.0,69.0,0.16027069091796875
1,25,22,7,8,7,0.865,88.0,10.0,16.0,85.0,0.1642603874206543
1,25,23,7,8,7,0.86,77.0,13.0,14.0,95.0,0.15857863426208496
1,25,24,7,8,7,0.85,82.0,13.0,16.0,88.0,0.15711212158203125
1,26,0,8,9,8,0.71,76.0,28.0,29.0,66.0,0.17533516883850098
1,26,1,8,9,8,0.73,75.0,26.0,27.0,71.0,0.16452288627624512
1,26,2,8,9,8,0.67,62.0,28.0,37.0,72.0,0.17087554931640625
1,26,3,8,9,8,0.725,66.0,25.0,29.0,79.0,0.1691606044769287
1,26,4,8,9,8,0.74,86.0,23.0,28.0,62.0,0.1833794116973877
1,26,5,8,9,8,0.75,75.0,25.0,24.0,75.0,0.17059636116027832
1,26,6,8,9,8,0.755,64.0,27.0,21.0,87.0,0.16585159301757812
1,26,7,8,9,8,0.715,75.0,26.0,30.0,68.0,0.17804694175720215
1,26,8,8,9,8,0.71,79.0,26.0,31.0,63.0,0.1754918098449707
1,26,9,8,9,8,0.755,67.0,23.0,25.0,84.0,0.15824055671691895
1,26,10,8,9,8,0.77,77.0,25.0,20.0,77.0,0.1661844253540039
1,26,11,8,9,8,0.71,77.0,28.0,29.0,65.0,0.17448878288269043
1,26,12,8,9,8,0.705,58.0,33.0,25.0,83.0,0.15685629844665527
1,26,13,8,9,8,0.755,74.0,22.0,26.0,77.0,0.16700172424316406
1,26,14,8,9,8,0.67,81.0,30.0,35.0,53.0,0.1812736988067627
1,26,15,8,9,8,0.745,58.0,27.0,23.0,91.0,0.17705392837524414
1,26,16,8,9,8,0.77,95.0,17.0,28.0,59.0,0.1805438995361328
1,26,17,8,9,8,0.75,83.0,22.0,27.0,67.0,0.1722850799560547
1,26,18,8,9,8,0.7,71.0,27.0,32.0,69.0,0.15665173530578613
1,26,19,8,9,8,0.705,70.0,32.0,26.0,71.0,0.16904449462890625
1,26,20,8,9,8,0.775,80.0,21.0,23.0,75.0,0.18503141403198242
1,26,21,8,9,8,0.69,68.0,30.0,31.0,70.0,0.18068742752075195
1,26,22,8,9,8,0.715,59.0,27.0,29.0,84.0,0.17215681076049805
1,26,23,8,9,8,0.695,66.0,33.0,27.0,73.0,0.1605525016784668
1,26,24,8,9,8,0.74,75.0,28.0,23.0,73.0,0.16994166374206543
1,27,0,9,10,9,0.7,70.0,26.0,33.0,70.0,0.16720795631408691
1,27,1,9,10,9,0.755,70.0,25.0,23.0,81.0,0.17285537719726562
1,27,2,9,10,9,0.79,85.0,19.0,22.0,73.0,0.1658611297607422
1,27,3,9,10,9,0.725,70.0,26.0,28.0,75.0,0.1697072982788086
1,27,4,9,10,9,0.74,73.0,29.0,22.0,75.0,0.1699981689453125
1,27,5,9,10,9,0.69,71.0,30.0,31.0,67.0,0.16700220108032227
1,27,6,9,10,9,0.74,67.0,22.0,29.0,81.0,0.1718153953552246
1,27,7,9,10,9,0.7,70.0,30.0,29.0,70.0,0.17566466331481934
1,27,8,9,10,9,0.795,68.0,26.0,14.0,91.0,0.15899658203125
1,27,9,9,10,9,0.74,85.0,21.0,30.0,63.0,0.17466354370117188
1,27,10,9,10,9,0.76,85.0,22.0,25.0,67.0,0.16776061058044434
1,27,11,9,10,9,0.72,75.0,31.0,24.0,69.0,0.16706156730651855
1,27,12,9,10,9,0.755,82.0,27.0,21.0,69.0,0.16663241386413574
1,27,13,9,10,9,0.725,59.0,26.0,28.0,86.0,0.17512726783752441
1,27,14,9,10,9,0.74,82.0,23.0,28.0,66.0,0.17318415641784668
1,27,15,9,10,9,0.75,68.0,25.0,24.0,82.0,0.1705644130706787
1,27,16,9,10,9,0.765,76.0,20.0,26.0,77.0,0.16927051544189453
1,27,17,9,10,9,0.785,72.0,20.0,22.0,85.0,0.16846323013305664
1,27,18,9,10,9,0.71,66.0,31.0,26.0,76.0,0.17076969146728516
1,27,19,9,10,9,0.74,77.0,21.0,30.0,71.0,0.1682567596435547
1,27,20,9,10,9,0.725,83.0,26.0,28.0,62.0,0.185699462890625
1,27,21,9,10,9,0.745,80.0,23.0,27.0,69.0,0.18537211418151855
1,27,22,9,10,9,0.7,67.0,32.0,27.0,73.0,0.17791485786437988
1,27,23,9,10,9,0.71,69.0,31.0,26.0,73.0,0.16748738288879395
1,27,24,9,10,9,0.73,72.0,24.0,29.0,74.0,0.19300627708435059
1,28,0,10,11,10,0.585,57.0,42.0,40.0,60.0,0.1886138916015625
1,28,1,10,11,10,0.685,73.0,31.0,31.0,64.0,0.18263840675354004
1,28,2,10,11,10,0.71,74.0,24.0,33.0,68.0,0.16385436058044434
1,28,3,10,11,10,0.615,59.0,37.0,39.0,64.0,0.17456316947937012
1,28,4,10,11,10,0.64,72.0,25.0,46.0,56.0,0.1855177879333496
1,28,5,10,11,10,0.625,77.0,31.0,43.0,48.0,0.17769885063171387
1,28,6,10,11,10,0.64,63.0,44.0,27.0,65.0,0.1929636001586914
1,28,7,10,11,10,0.595,46.0,45.0,35.0,73.0,0.17420077323913574
1,28,8,10,11,10,0.665,55.0,40.0,26.0,78.0,0.16703009605407715
1,28,9,10,11,10,0.615,45.0,34.0,42.0,78.0,0.17719531059265137
1,28,10,10,11,10,0.595,55.0,46.0,34.0,64.0,0.18355941772460938
1,28,11,10,11,10,0.645,69.0,29.0,41.0,60.0,0.18714308738708496
1,28,12,10,11,10,0.67,64.0,36.0,29.0,70.0,0.1997368335723877
1,28,13,10,11,10,0.655,67.0,40.0,28.0,64.0,0.1779789924621582
1,28,14,10,11,10,0.59,42.0,37.0,44.0,76.0,0.1770768165588379
1,28,15,10,11,10,0.645,69.0,32.0,38.0,60.0,0.16861295700073242
1,28,16,10,11,10,0.655,58.0,41.0,27.0,73.0,0.1721961498260498
1,28,17,10,11,10,0.635,63.0,39.0,33.0,64.0,0.1956801414489746
1,28,18,10,11,10,0.615,59.0,45.0,31.0,64.0,0.18309783935546875
1,28,19,10,11,10,0.64,65.0,35.0,36.0,63.0,0.1706705093383789
1,28,20,10,11,10,0.6,51.0,40.0,39.0,69.0,0.18764162063598633
1,28,21,10,11,10,0.625,46.0,36.0,38.0,79.0,0.17691707611083984
1,28,22,10,11,10,0.645,59.0,38.0,32.0,70.0,0.17156147956848145
1,28,23,10,11,10,0.61,62.0,39.0,38.0,60.0,0.18373918533325195
1,28,24,10,11,10,0.675,67.0,40.0,24.0,68.0,0.17995142936706543
1,29,0,11,12,11,0.675,62.0,34.0,30.0,73.0,0.2030644416809082
1,29,1,11,12,11,0.67,70.0,32.0,33.0,64.0,0.17574524879455566
1,29,2,11,12,11,0.685,82.0,26.0,36.0,55.0,0.1751236915588379
1,29,3,11,12,11,0.655,54.0,39.0,29.0,77.0,0.1778557300567627
1,29,4,11,12,11,0.695,76.0,33.0,27.0,63.0,0.18233251571655273
1,29,5,11,12,11,0.69,59.0,32.0,29.0,79.0,0.17750954627990723
1,29,6,11,12,11,0.68,69.0,34.0,29.0,67.0,0.17341303825378418
1,29,7,11,12,11,0.675,66.0,32.0,32.0,69.0,0.18267464637756348
1,29,8,11,12,11,0.695,65.0,32.0,28.0,74.0,0.17124247550964355
1,29,9,11,12,11,0.7,75.0,38.0,21.0,65.0,0.1792771816253662
1,29,10,11,12,11,0.65,58.0,34.0,35.0,72.0,0.17852163314819336
1,29,11,11,12,11,0.695,58.0,29.0,31.0,81.0,0.1731109619140625
1,29,12,11,12,11,0.73,71.0,26.0,27.0,75.0,0.20087099075317383
1,29,13,11,12,11,0.725,74.0,34.0,20.0,71.0,0.17308640480041504
1,29,14,11,12,11,0.66,65.0,37.0,30.0,67.0,0.17921113967895508
1,29,15,11,12,11,0.7,74.0,31.0,28.0,66.0,0.17709970474243164
1,29,16,11,12,11,0.705,75.0,28.0,30.0,66.0,0.1803908348083496
1,29,17,11,12,11,0.665,65.0,35.0,31.0,68.0,0.1808454990386963
1,29,18,11,12,11,0.7,67.0,29.0,30.0,73.0,0.1816701889038086
1,29,19,11,12,11,0.715,70.0,31.0,25.0,73.0,0.18092584609985352
1,29,20,11,12,11,0.68,72.0,28.0,35.0,64.0,0.18160605430603027
1,29,21,11,12,11,0.71,75.0,31.0,26.0,67.0,0.18209266662597656
1,29,22,11,12,11,0.72,69.0,35.0,20.0,75.0,0.1774272918701172
1,29,23,11,12,11,0.68,64.0,29.0,34.0,72.0,0.17357897758483887
1,29,24,11,12,11,0.71,78.0,24.0,33.0,64.0,0.1709461212158203
1,30,0,12,13,12,0.485,63.0,44.0,58.0,34.0,0.18381118774414062
1,30,1,12,13,12,0.59,80.0,36.0,45.0,38.0,0.18160319328308105
1,30,2,12,13,12,0.56,57.0,49.0,38.0,55.0,0.18705129623413086
1,30,3,12,13,12,0.54,70.0,39.0,52.0,38.0,0.1857891082763672
1,30,4,12,13,12,0.495,43.0,50.0,50.0,56.0,0.17916059494018555
1,30,5,12,13,12,0.535,51.0,42.0,50.0,56.0,0.19972991943359375
1,30,6,12,13,12,0.55,46.0,43.0,46.0,64.0,0.22391557693481445
1,30,7,12,13,12,0.545,45.0,50.0,40.0,64.0,0.19098997116088867
1,30,8,12,13,12,0.485,45.0,55.0,47.0,52.0,0.21900248527526855
1,30,9,12,13,12,0.545,56.0,48.0,42.0,53.0,0.19000506401062012
1,30,10,12,13,12,0.55,55.0,45.0,44.0,55.0,0.1959993839263916
1,30,11,12,13,12,0.545,41.0,44.0,46.0,68.0,0.17999935150146484
1,30,12,12,13,12,0.535,65.0,43.0,49.0,42.0,0.19699668884277344
1,30,13,12,13,12,0.495,50.0,50.0,50.0,49.0,0.19699811935424805
1,30,14,12,13,12,0.545,47.0,43.0,47.0,62.0,0.18436884880065918
1,30,15,12,13,12,0.51,51.0,40.0,57.0,51.0,0.17148876190185547
1,30,16,12,13,12,0.56,43.0,42.0,45.0,69.0,0.22625184059143066
1,30,17,12,13,12,0.535,54.0,48.0,44.0,53.0,0.2109968662261963
1,30,18,12,13,12,0.555,42.0,44.0,44.0,69.0,0.1999983787536621
1,30,19,12,13,12,0.505,46.0,56.0,42.0,55.0,0.19100046157836914
1,30,20,12,13,12,0.515,40.0,51.0,45.0,63.0,0.19480180740356445
1,30,21,12,13,12,0.54,56.0,44.0,47.0,52.0,0.20626378059387207
1,30,22,12,13,12,0.595,68.0,43.0,37.0,51.0,0.18418526649475098
1,30,23,12,13,12,0.535,73.0,39.0,53.0,34.0,0.1945648193359375
1,30,24,12,13,12,0.56,73.0,37.0,50.0,39.0,0.18566036224365234
1,31,0,13,14,13,0.525,56.0,46.0,48.0,49.0,0.1892411708831787
1,31,1,13,14,13,0.49,41.0,54.0,47.0,57.0,0.18569183349609375
1,31,2,13,14,13,0.51,54.0,50.0,47.0,48.0,0.1857013702392578
1,31,3,13,14,13,0.45,40.0,50.0,59.0,50.0,0.19872331619262695
1,31,4,13,14,13,0.495,49.0,56.0,44.0,50.0,0.18789124488830566
1,31,5,13,14,13,0.48,42.0,57.0,46.0,54.0,0.1867504119873047
1,31,6,13,14,13,0.515,53.0,46.0,50.0,50.0,0.18282389640808105
1,31,7,13,14,13,0.58,60.0,43.0,40.0,56.0,0.18856382369995117
1,31,8,13,14,13,0.535,71.0,42.0,50.0,36.0,0.19239449501037598
1,31,9,13,14,13,0.51,47.0,49.0,48.0,55.0,0.18468832969665527
1,31,10,13,14,13,0.5,46.0,47.0,52.0,54.0,0.19997406005859375
1,31,11,13,14,13,0.52,37.0,48.0,47.0,67.0,0.18557310104370117
1,31,12,13,14,13,0.525,47.0,49.0,45.0,58.0,0.188765287399292
1,31,13,13,14,13,0.53,61.0,45.0,48.0,45.0,0.18768811225891113
1,31,14,13,14,13,0.43,48.0,56.0,57.0,38.0,0.1816096305847168
1,31,15,13,14,13,0.475,41.0,51.0,53.0,54.0,0.18857407569885254
1,31,16,13,14,13,0.505,41.0,46.0,52.0,60.0,0.181074857711792
1,31,17,13,14,13,0.51,50.0,50.0,47.0,52.0,0.1885511875152588
1,31,18,13,14,13,0.455,46.0,58.0,50.0,45.0,0.19199633598327637
1,31,19,13,14,13,0.525,57.0,46.0,48.0,48.0,0.18899989128112793
1,31,20,13,14,13,0.48,41.0,51.0,52.0,55.0,0.19794607162475586
1,31,21,13,14,13,0.545,55.0,36.0,54.0,54.0,0.17557764053344727
1,31,22,13,14,13,0.525,55.0,45.0,49.0,50.0,0.18941760063171387
1,31,23,13,14,13,0.475,54.0,50.0,54.0,41.0,0.19367265701293945
1,31,24,13,14,13,0.495,56.0,49.0,51.0,43.0,0.19226598739624023
1,32,0,14,15,14,0.525,49.0,44.0,50.0,56.0,0.18741106986999512
1,32,1,14,15,14,0.57,65.0,32.0,53.0,49.0,0.1845996379852295
1,32,2,14,15,14,0.545,53.0,43.0,47.0,56.0,0.19535017013549805
1,32,3,14,15,14,0.505,66.0,46.0,52.0,35.0,0.20624375343322754
1,32,4,14,15,14,0.575,57.0,44.0,40.0,58.0,0.18937158584594727
1,32,5,14,15,14,0.53,43.0,45.0,48.0,63.0,0.17921113967895508
1,32,6,14,15,14,0.535,49.0,58.0,34.0,58.0,0.1940169334411621
1,32,7,14,15,14,0.56,65.0,43.0,44.0,47.0,0.20082926750183105
1,32,8,14,15,14,0.515,47.0,50.0,46.0,56.0,0.18709301948547363
1,32,9,14,15,14,0.49,51.0,47.0,54.0,47.0,0.19061875343322754
1,32,10,14,15,14,0.515,46.0,49.0,47.0,57.0,0.19073867797851562
1,32,11,14,15,14,0.535,53.0,43.0,49.0,54.0,0.19875645637512207
1,32,12,14,15,14,0.56,56.0,46.0,41.0,56.0,0.18568706512451172
1,32,13,14,15,14,0.52,45.0,49.0,46.0,59.0,0.18709063529968262
1,32,14,14,15,14,0.58,75.0,36.0,47.0,41.0,0.19272065162658691
1,32,15,14,15,14,0.525,50.0,50.0,44.0,55.0,0.19443249702453613
1,32,16,14,15,14,0.54,48.0,45.0,46.0,60.0,0.1935591697692871
1,32,17,14,15,14,0.51,64.0,38.0,59.0,38.0,0.19382381439208984
1,32,18,14,15,14,0.515,50.0,53.0,43.0,53.0,0.1819601058959961
1,32,19,14,15,14,0.51,55.0,46.0,51.0,47.0,0.1909782886505127
1,32,20,14,15,14,0.505,53.0,42.0,56.0,48.0,0.1906116008758545
1,32,21,14,15,14,0.585,58.0,39.0,43.0,59.0,0.19228005409240723
1,32,22,14,15,14,0.48,39.0,50.0,53.0,57.0,0.19188165664672852
1,32,23,14,15,14,0.455,52.0,50.0,58.0,39.0,0.19939446449279785
1,32,24,14,15,14,0.52,33.0,54.0,41.0,71.0,0.1845719814300537
1,33,0,15,16,15,0.555,71.0,41.0,47.0,40.0,0.18860912322998047
1,33,1,15,16,15,0.5,53.0,51.0,48.0,47.0,0.19230270385742188
1,33,2,15,16,15,0.56,50.0,46.0,41.0,62.0,0.18735861778259277
1,33,3,15,16,15,0.455,46.0,52.0,56.0,45.0,0.19348835945129395
1,33,4,15,16,15,0.555,56.0,51.0,37.0,55.0,0.19066381454467773
1,33,5,15,16,15,0.52,56.0,45.0,50.0,48.0,0.19574475288391113
1,33,6,15,16,15,0.565,59.0,39.0,47.0,54.0,0.19267559051513672
1,33,7,15,16,15,0.495,46.0,43.0,57.0,53.0,0.19347476959228516
1,33,8,15,16,15,0.55,52.0,47.0,42.0,58.0,0.19971084594726562
1,33,9,15,16,15,0.535,48.0,54.0,38.0,59.0,0.2024517059326172
1,33,10,15,16,15,0.485,49.0,62.0,40.0,48.0,0.18143820762634277
1,33,11,15,16,15,0.49,61.0,43.0,58.0,37.0,0.19547200202941895
1,33,12,15,16,15,0.515,52.0,44.0,52.0,51.0,0.1889941692352295
1,33,13,15,16,15,0.5,47.0,52.0,47.0,53.0,0.20041108131408691
1,33,14,15,16,15,0.48,50.0,44.0,59.0,46.0,0.1957564353942871
1,33,15,15,16,15,0.55,52.0,44.0,45.0,58.0,0.19298648834228516
1,33,16,15,16,15,0.58,67.0,32.0,51.0,49.0,0.19413995742797852
1,33,17,15,16,15,0.605,49.0,34.0,44.0,72.0,0.21232151985168457
1,33,18,15,16,15,0.49,49.0,44.0,57.0,49.0,0.19083762168884277
1,33,19,15,16,15,0.465,54.0,49.0,57.0,39.0,0.1983776092529297
1,33,20,15,16,15,0.565,76.0,37.0,49.0,37.0,0.18894648551940918
1,33,21,15,16,15,0.585,55.0,41.0,41.0,62.0,0.18909525871276855
1,33,22,15,16,15,0.57,44.0,37.0,48.0,70.0,0.1909317970275879
1,33,23,15,16,15,0.53,48.0,52.0,41.0,58.0,0.19449615478515625
1,33,24,15,16,15,0.57,71.0,32.0,53.0,43.0,0.19512295722961426
1,34,0,16,17,16,0.51,51.0,54.0,43.0,51.0,0.1866016387939453
1,34,1,16,17,16,0.455,43.0,58.0,50.0,48.0,0.18713879585266113
1,34,2,16,17,16,0.535,48.0,52.0,40.0,59.0,0.20569348335266113
1,34,3,16,17,16,0.505,62.0,44.0,54.0,39.0,0.20536565780639648
1,34,4,16,17,16,0.54,58.0,44.0,47.0,50.0,0.18743062019348145
1,34,5,16,17,16,0.545,53.0,42.0,48.0,56.0,0.19146156311035156
1,34,6,16,17,16,0.525,50.0,51.0,43.0,55.0,0.19236016273498535
1,34,7,16,17,16,0.525,50.0,54.0,40.0,55.0,0.19495916366577148
1,34,8,16,17,16,0.495,58.0,47.0,53.0,41.0,0.19431591033935547
1,34,9,16,17,16,0.575,48.0,47.0,37.0,67.0,0.18066167831420898
1,34,10,16,17,16,0.535,32.0,41.0,51.0,75.0,0.19246268272399902
1,34,11,16,17,16,0.48,57.0,51.0,52.0,39.0,0.18901443481445312
1,34,12,16,17,16,0.53,40.0,49.0,44.0,66.0,0.19595575332641602
1,34,13,16,17,16,0.52,50.0,47.0,48.0,54.0,0.18999624252319336
1,34,14,16,17,16,0.585,41.0,50.0,32.0,76.0,0.20318388938903809
1,34,15,16,17,16,0.52,44.0,54.0,41.0,60.0,0.19294261932373047
1,34,16,16,17,16,0.53,52.0,40.0,53.0,54.0,0.1865682601928711
1,34,17,16,17,16,0.495,55.0,51.0,49.0,44.0,0.18819022178649902
1,34,18,16,17,16,0.435,42.0,55.0,57.0,45.0,0.19873499870300293
1,34,19,16,17,16,0.495,50.0,52.0,48.0,49.0,0.20873403549194336
1,34,20,16,17,16,0.52,54.0,48.0,47.0,50.0,0.18745875358581543
1,34,21,16,17,16,0.535,62.0,48.0,44.0,45.0,0.19471192359924316
1,34,22,16,17,16,0.49,65.0,50.0,51.0,33.0,0.2002089023590088
1,34,23,16,17,16,0.545,61.0,37.0,53.0,48.0,0.1911764144897461
1,34,24,16,17,16,0.505,64.0,44.0,54.0,37.0,0.2034766674041748
1,35,0,17,18,17,0.52,63.0,42.0,53.0,41.0,0.18626093864440918
1,35,1,17,18,17,0.53,45.0,46.0,47.0,61.0,0.20340347290039062
1,35,2,17,18,17,0.485,42.0,52.0,50.0,55.0,0.2109665870666504
1,35,3,17,18,17,0.54,56.0,42.0,49.0,52.0,0.18753504753112793
1,35,4,17,18,17,0.525,50.0,46.0,48.0,55.0,0.18919801712036133
1,35,5,17,18,17,0.505,54.0,53.0,45.0,47.0,0.18926596641540527
1,35,6,17,18,17,0.505,31.0,53.0,45.0,70.0,0.19266819953918457
1,35,7,17,18,17,0.53,42.0,55.0,38.0,64.0,0.19648194313049316
1,35,8,17,18,17,0.505,60.0,45.0,53.0,41.0,0.19430875778198242
1,35,9,17,18,17,0.555,54.0,52.0,36.0,57.0,0.19441533088684082
1,35,10,17,18,17,0.525,47.0,45.0,49.0,58.0,0.19573092460632324
1,35,11,17,18,17,0.545,62.0,43.0,47.0,47.0,0.1962893009185791
1,35,12,17,18,17,0.505,65.0,44.0,54.0,36.0,0.19903779029846191
1,35,13,17,18,17,0.525,52.0,46.0,48.0,53.0,0.20492768287658691
1,35,14,17,18,17,0.57,53.0,34.0,51.0,61.0,0.18715238571166992
1,35,15,17,18,17,0.49,55.0,52.0,49.0,43.0,0.19440913200378418
1,35,16,17,18,17,0.55,47.0,49.0,40.0,63.0,0.19140076637268066
1,35,17,17,18,17,0.475,50.0,54.0,50.0,45.0,0.20206403732299805
1,35,18,17,18,17,0.53,67.0,44.0,49.0,39.0,0.19536733627319336
1,35,19,17,18,17,0.475,46.0,51.0,53.0,49.0,0.1894519329071045
1,35,20,17,18,17,0.505,61.0,48.0,50.0,40.0,0.20092988014221191
1,35,21,17,18,17,0.52,63.0,40.0,55.0,41.0,0.19713211059570312
1,35,22,17,18,17,0.515,49.0,50.0,46.0,54.0,0.20705080032348633
1,35,23,17,18,17,0.5,60.0,42.0,57.0,40.0,0.1894528865814209
1,35,24,17,18,17,0.5,50.0,53.0,46.0,50.0,0.19490385055541992
1,36,0,18,19,18,0.53,65.0,34.0,59.0,41.0,0.20749425888061523
1,36,1,18,19,18,0.59,44.0,43.0,38.0,74.0,0.2125990390777588
1,36,2,18,19,18,0.445,50.0,54.0,56.0,39.0,0.19846820831298828
1,36,3,18,19,18,0.46,43.0,51.0,56.0,49.0,0.19950199127197266
1,36,4,18,19,18,0.535,60.0,42.0,50.0,47.0,0.18666863441467285
1,36,5,18,19,18,0.445,55.0,47.0,63.0,34.0,0.19748425483703613
1,36,6,18,19,18,0.45,57.0,52.0,57.0,33.0,0.19603252410888672
1,36,7,18,19,18,0.585,65.0,49.0,33.0,52.0,0.2156524658203125
1,36,8,18,19,18,0.5,52.0,53.0,46.0,48.0,0.19807124137878418
1,36,9,18,19,18,0.45,41.0,57.0,52.0,49.0,0.2025597095489502
1,36,10,18,19,18,0.465,57.0,51.0,55.0,36.0,0.1986539363861084
1,36,11,18,19,18,0.525,58.0,39.0,55.0,47.0,0.1898660659790039
1,36,12,18,19,18,0.46,52.0,51.0,56.0,40.0,0.19650697708129883
1,36,13,18,19,18,0.475,40.0,54.0,50.0,55.0,0.2087852954864502
1,36,14,18,19,18,0.525,51.0,43.0,51.0,54.0,0.19967961311340332
1,36,15,18,19,18,0.43,34.0,52.0,61.0,52.0,0.19155502319335938
1,36,16,18,19,18,0.51,54.0,47.0,50.0,48.0,0.19523286819458008
1,36,17,18,19,18,0.475,46.0,48.0,56.0,49.0,0.21152162551879883
1,36,18,18,19,18,0.52,48.0,51.0,44.0,56.0,0.19748234748840332
1,36,19,18,19,18,0.48,58.0,44.0,59.0,38.0,0.20503592491149902
1,36,20,18,19,18,0.5,54.0,47.0,52.0,46.0,0.19942116737365723
1,36,21,18,19,18,0.525,63.0,47.0,47.0,42.0,0.22246718406677246
1,36,22,18,19,18,0.47,51.0,55.0,50.0,43.0,0.2131650447845459
1,36,23,18,19,18,0.49,61.0,45.0,56.0,37.0,0.21153926849365234
1,36,24,18,19,18,0.525,55.0,47.0,47.0,50.0,0.1966843605041504
1,37,0,19,20,19,0.51,41.0,50.0,47.0,61.0,0.21073603630065918
1,37,1,19,20,19,0.45,39.0,62.0,47.0,51.0,0.21084117889404297
1,37,2,19,20,19,0.485,52.0,54.0,48.0,45.0,0.20411992073059082
1,37,3,19,20,19,0.485,56.0,54.0,48.0,41.0,0.19982004165649414
1,37,4,19,20,19,0.525,49.0,41.0,53.0,56.0,0.1990070343017578
1,37,5,19,20,19,0.52,55.0,50.0,45.0,49.0,0.20177078247070312
1,37,6,19,20,19,0.48,48.0,48.0,55.0,48.0,0.20579242706298828
1,37,7,19,20,19,0.49,57.0,49.0,52.0,41.0,0.21395063400268555
1,37,8,19,20,19,0.45,46.0,53.0,56.0,44.0,0.1995851993560791
1,37,9,19,20,19,0.535,45.0,45.0,47.0,62.0,0.1907336711883545
1,37,10,19,20,19,0.51,61.0,49.0,48.0,41.0,0.20186901092529297
1,37,11,19,20,19,0.475,41.0,51.0,53.0,54.0,0.1890394687652588
1,37,12,19,20,19,0.51,43.0,57.0,40.0,59.0,0.22147345542907715
1,37,13,19,20,19,0.56,62.0,42.0,45.0,50.0,0.21291041374206543
1,37,14,19,20,19,0.55,54.0,44.0,45.0,56.0,0.19436955451965332
1,37,15,19,20,19,0.55,43.0,48.0,41.0,67.0,0.20693707466125488
1,37,16,19,20,19,0.47,46.0,60.0,45.0,48.0,0.19567203521728516
1,37,17,19,20,19,0.53,43.0,48.0,45.0,63.0,0.20970559120178223
1,37,18,19,20,19,0.515,61.0,44.0,52.0,42.0,0.20116543769836426
1,37,19,19,20,19,0.47,40.0,51.0,54.0,54.0,0.20423102378845215
1,37,20,19,20,19,0.56,50.0,47.0,40.0,62.0,0.20493054389953613
1,37,21,19,20,19,0.505,53.0,53.0,45.0,48.0,0.20442771911621094
1,37,22,19,20,19,0.5,49.0,46.0,53.0,51.0,0.2027149200439453
1,37,23,19,20,19,0.51,51.0,43.0,54.0,51.0,0.19786453247070312
1,37,24,19,20,19,0.475,48.0,49.0,55.0,47.0,0.20401239395141602
1,38,0,20,21,20,0.48,68.0,42.0,61.0,28.0,0.23324346542358398
1,38,1,20,21,20,0.505,52.0,49.0,49.0,49.0,0.19601035118103027
1,38,2,20,21,20,0.52,56.0,48.0,47.0,48.0,0.2033224105834961
1,38,3,20,21,20,0.44,41.0,57.0,54.0,47.0,0.20383286476135254
1,38,4,20,21,20,0.51,62.0,46.0,51.0,40.0,0.2029123306274414
1,38,5,20,21,20,0.555,45.0,50.0,38.0,66.0,0.21288418769836426
1,38,6,20,21,20,0.5,48.0,51.0,48.0,52.0,0.2038402557373047
1,38,7,20,21,20,0.47,57.0,46.0,59.0,37.0,0.20092988014221191
1,38,8,20,21,20,0.455,55.0,53.0,55.0,36.0,0.1973283290863037
1,38,9,20,21,20,0.5,56.0,51.0,48.0,44.0,0.20534920692443848
1,38,10,20,21,20,0.48,49.0,50.0,53.0,47.0,0.20595645904541016
1,38,11,20,21,20,0.46,42.0,51.0,56.0,50.0,0.20168709754943848
1,38,12,20,21,20,0.495,50.0,49.0,51.0,49.0,0.2070331573486328
1,38,13,20,21,20,0.54,55.0,50.0,41.0,53.0,0.206298828125
1,38,14,20,21,20,0.49,59.0,51.0,50.0,39.0,0.22785687446594238
1,38,15,20,21,20,0.545,54.0,51.0,39.0,55.0,0.1923062801361084
1,38,16,20,21,20,0.52,55.0,46.0,49.0,49.0,0.1920640468597412
1,38,17,20,21,20,0.505,38.0,47.0,51.0,63.0,0.19763612747192383
1,38,18,20,21,20,0.55,60.0,44.0,45.0,50.0,0.20757293701171875
1,38,19,20,21,20,0.515,51.0,46.0,50.0,52.0,0.20320773124694824
1,38,20,20,21,20,0.505,54.0,44.0,54.0,47.0,0.20245051383972168
1,38,21,20,21,20,0.525,60.0,43.0,51.0,45.0,0.19707202911376953
1,38,22,20,21,20,0.495,41.0,53.0,47.0,58.0,0.1979987621307373
1,38,23,20,21,20,0.535,53.0,49.0,43.0,54.0,0.19012999534606934
1,38,24,20,21,20,0.51,48.0,54.0,43.0,54.0,0.20595264434814453
1,39,0,21,22,21,0.57,45.0,43.0,42.0,69.0,0.2648496627807617
1,39,1,21,22,21,0.51,48.0,44.0,53.0,54.0,0.21599888801574707
1,39,2,21,22,21,0.49,41.0,63.0,38.0,57.0,0.20914554595947266
1,39,3,21,22,21,0.5,53.0,48.0,51.0,47.0,0.2053825855255127
1,39,4,21,22,21,0.525,56.0,48.0,46.0,49.0,0.19989347457885742
1,39,5,21,22,21,0.475,42.0,49.0,55.0,53.0,0.2056741714477539
1,39,6,21,22,21,0.52,59.0,48.0,47.0,45.0,0.20851922035217285
1,39,7,21,22,21,0.495,48.0,41.0,59.0,51.0,0.21241426467895508
1,39,8,21,22,21,0.54,46.0,52.0,39.0,62.0,0.19886994361877441
1,39,9,21,22,21,0.525,56.0,45.0,49.0,49.0,0.19814467430114746
1,39,10,21,22,21,0.55,49.0,45.0,44.0,61.0,0.20382380485534668
1,39,11,21,22,21,0.49,48.0,51.0,50.0,50.0,0.20364928245544434
1,39,12,21,22,21,0.51,62.0,51.0,46.0,40.0,0.20015311241149902
1,39,13,21,22,21,0.535,70.0,43.0,49.0,37.0,0.20709776878356934
1,39,14,21,22,21,0.49,49.0,51.0,50.0,49.0,0.20033740997314453
1,39,15,21,22,21,0.49,53.0,49.0,52.0,45.0,0.20028471946716309
1,39,16,21,22,21,0.455,46.0,59.0,49.0,45.0,0.20425677299499512
1,39,17,21,22,21,0.46,55.0,50.0,57.0,37.0,0.22107815742492676
1,39,18,21,22,21,0.5,45.0,55.0,44.0,55.0,0.2064189910888672
1,39,19,21,22,21,0.48,52.0,49.0,54.0,44.0,0.20000314712524414
1,39,20,21,22,21,0.435,45.0,61.0,51.0,42.0,0.20154976844787598
1,39,21,21,22,21,0.505,66.0,47.0,51.0,35.0,0.19952106475830078
1,39,22,21,22,21,0.46,47.0,58.0,49.0,45.0,0.20574593544006348
1,39,23,21,22,21,0.54,57.0,42.0,49.0,51.0,0.20694303512573242
1,39,24,21,22,21,0.565,64.0,45.0,41.0,49.0,0.19342422485351562
